bad.name,good.name
Abelmoschus pungens,Abelmoschus manihot
Abies arizonica,Abies lasiocarpa
Abies bornmuelleriana,Abies nordmanniana
Abies chayuensis,Abies forrestii
Abies ernestii,Abies recurvata
Abies faxoniana,Abies fargesii
Abies ferreana,Abies forrestii
Abies marocana,Abies pinsapo
Abies nukiangensis,Abies delavayi
Abies shastensis,Abies magnifica
Abrus tenuiflorus,Abrus pulchellus
Abutilon figarianum,Abutilon pannosum
Acacia affin,Acacia dealbata
Acer albo-purpurascens,Acer oblongum
Abutilon guineense,Abutilon indicum
Acacia burkittii,Acacia acuminata
Acacia raddiana,Acacia tortilis
Acacia simmonsiana,Racosperma simmonsianum
Acacia sophorae,Acacia longifolia
Acacia spirocarpa,Acacia tortilis
Acer catalpifolium,Acer amplum
Acer chienii,Acer pectinatum
Acer chingii,Acer campbellii
Acer chunii,Acer amplum
Acer creticum,Acer coriaceum
Acer cultratum,Acer cappadocicum
Acer floridanum,Acer saccharum
Acer forrestii,Acer pectinatum
Acer ginnala,Acer tataricum
Acer giraldii,Acer caesium
Acer grandidentatum,Acer saccharum
Acer hermoneum,Acer monspessulanum
Acer ibericum,Acer monspessulanum
Acer komarovii,Acer tschonoskii
Acer kungshanense,Acer sterculiaceum
Acer kuomeii,Acer campbellii
Acer laxiflorum,Acer pectinatum
Acer leucoderme,Acer saccharum
Acer lobelii,Acer cappadocicum
Acer lungshengense,Acer sterculiaceum
Acer metcalfii,Acer sikkimense
Acer miaotaiense,Acer miyabei
Acer nigrum,Acer saccharum
Acer obtusatum,Acer opalus
Acer pubinerve,Acer campbellii
Acer serrulatum,Acer oliverianum
Acer sinense,Acer campbellii
Acer skutchii,Acer saccharum
Acer stevenii,Acer hyrcanum
Acer thomsonii,Acer sterculiaceum
Acer trautvetteri,Acer heldreichii
Acer tsinglingense,Acer sterculiaceum
Acer turkestanicum,Acer platanoides
Acer ukurunduense,Acer caudatum
Acer wilsonii,Acer campbellii
Achillea wilhelmsii,Achillea santolinoides
Achlys californica,Achlys triphylla
Acianthera erosa,Acianthera lojae
Aconitum pycnanthum,Aconitum legendrei
Acronychia haplophylla,Acronychia tetrandra
Adansonia rubrostipa,Adansonia fony
Adenia inermis,Adenia aculeata
Adhatoda andromeda,Duvernoia andromeda
Adiantum aethiopicum,Adiantum chilense
Adriana hookeri,Adriana urticoides
Aeschynanthus angustissimus,Aeschynanthus linearifolius
Aesculus wilsonii,Aesculus chinensis
Agapanthus comptonii,Agapanthus praecox
Ageratina exsertovenosa,Ageratina fastigiata
Aglaia dookkoo,Lansium parasiticum
Agropyron obtusiusculum,Elymus obtusiusculus
Agrostemma gracile,Agrostemma brachyloba
Ailanthus grandis,Ailanthus integrifolia
Albizia molluccana,Falcataria moluccana
Albuca annulata,Albuca tenuifolia
Alchornea iricurana,Alchornea glandulosa
Aleurites montana,Vernicia montana
Aleurites trisperma,Reutealis trisperma
Alisma orientale,Alisma plantago-aquatica
Allardia nivea,Waldheimia nivea
Allardia stoliczkae,Waldheimia stoliczkae
Allium aladaghense,Allium pustulosum
Allium meronense,Allium paniculatum
Allophylus alnifolius,Allophylus rubifolius
Allophylus pinnatus,Otophora fruticosa
Alnus fruticosa,Alnus alnobetula
Alnus inokumai,Alnus hirsuta
Alnus rugosa,Alnus incana
Alnus sinuata,Alnus alnobetula
Alnus tenuifolia,Alnus incana
Alopecurus hybridus,Alopecurus brachystylus
Alpinia nobilis,Alpinia malaccensis
Amaranthus quitensis,Amaranthus hybridus
Amelanchier florida,Amelanchier alnifolia
Amelanchier gaspensis,Amelanchier sanguinea
Ampelocissus sphaerophylla,Ampelocissus elephantina
Ampelopsis brevipedunculata,Ampelopsis glandulosa
Amphicarpaea edgeworthii,Amphicarpaea bracteata
Amsinckia intermedia,Amsinckia menziesii
Anacardium orientale,Semecarpus anacardium
Anadenanthera falcata,Anadenanthera peregrina
Anadenanthera macrocarpa,Anadenanthera colubrina
Andira anthelminthica,Andira fraxinifolia
Andropogon huillensis,Andropogon eucomus
Andropogon papillosus,Dichanthium annulatum
Androsace robusta,Androsace jacquemontii
Androsace studiosorum,Androsace sarmentosa
Androsace villosissima,Androsace jacquemontii
Anemone gortschakowii,Anemone biflora
Angelphytum apensis,Angelphytum apense
Anisoptera polyandra,Anisoptera thurifera
Anneslea crassipes,Anneslea fragrans
Anthurium bombacifolium,Anthurium pentaphyllum
Antiaris africana,Antiaris toxicaria
Antiaris humberti,Antiaris toxicaria
Antiaris madagascariensis,Antiaris toxicaria
Antiaris usambarensis,Antiaris toxicaria
Antiaris welwitschii,Antiaris toxicaria
Antidesma hildebrandtii,Antidesma madagascariense
Aporosa chinensis,Aporosa octandra
Aporosa microcalyx,Aporosa octandra
Aralia mandshurica,Aralia elata
Arenaria foliacea,Arenaria serpyllifolia
Arenaria leptoclados,Arenaria serpyllifolia
Arenaria tremula,Arenaria serpyllifolia
Argyroderma citrina,Argyroderma delaetii
Armatocereus arduus,Armatocereus rauhii
Armatocereus balsasensis,Armatocereus rauhii
Armatocereus brevispinus,Armatocereus godingianus
Armeniaca holosericea,Prunus armeniaca
Arnebia griffithii,Arnebia guttata
Arnica frigida,Arnica griscomii
Arrabidaea aelloi,Tanaecium selloi
Arrabidaea candigera,Fridericia caudigera
Arrabidaea fanshawri,Fridericia fanshawei
Arrabidaea mollisima,Fridericia mollissima
Arrabidaea platyphtylla,Xylophragma platyphyllum
Arrabidaea triplinerve,Fridericia triplinervia
Arrabidaea verucosa,Fridericia schumanniana
Artemisia elegantissima,Artemisia indica
Artemisia parryi,Artemisia laciniata
Artocarpus incisa,Artocarpus altilis
Artocarpus integrifolia,Artocarpus integer
Artocarpus sampor,Artocarpus nitidus
Asclepias multiflora,Gomphocarpus multiflorus
Aspalathus shawii,Aspalathus joubertiana
Aspidosperma cruenta,Aspidosperma desmanthum
Aspidosperma curranii,Aspidosperma megalocarpon
Asplenium flexuosum,Asplenium gemmiferum
Astragalus fatmensis,Astracantha qatmensis
Atriplex conduplicata,Atriplex lindleyi
Aureliana sellowiana,Saracha sellowiana
Australina muelleri,Australina pusilla
Austromyrtus acmenioides,Gossia acmenoides
Avena ludoviciana,Avena sterilis
Avicennia lanata,Avicennia marina
Baccharis incarum,Baccharis tola
Baccharis jelskii,Baccharis decussata
Baccharis peruviana,Baccharis linearifolia
Baccharis solomonii,Baccharis saliens
Bactris macana,Bactris gasipaes
Bactris trichophylla,Bactris mexicana
Banksia cunninghamii,Banksia spinulosa
Baphia polyantha,Baphia spathacea
Baphia polygalacea,Baphia capparidifolia
Baphiastrum confusum,Airyantha schweinfurthii
Barnadesia kingii,Barnadesia lehmannii
Batrachium eradicatum,Ranunculus trichophyllus
Bauhinia candicans,Bauhinia forficata
Bauhinia horsfieldii,Bauhinia scandens
Bauhinia splendens,Bauhinia guianensis
Beilschmiedia delicata,Beilschmiedia tsangii
Bellucia sprucena,Loreya spruceana
Berberis higginsiae,Mahonia higginsiae
Berlinia niembaensis,Isoberlinia angolensis
Berula thunbergii,Berula erecta
Betula austro-sinensis,Betula insignis
Betula jacquemontii,Betula utilis
Betula mandschurica,Betula platyphylla
Betula mandshurica,Betula platyphylla
Betula middendorffi,Betula divaricata
Betula tortuosa,Betula pubescens
Betula uber,Betula lenta
Bidens andicola,Bidens andicola
Bidens buchtienii,Bidens andicola
Bidens cosmantha,Bidens andicola
Bidens urbanii,Bidens reptans
Blechnum xiphophyllum,Blechnum simillimum
Bolboschoenus affinis,Bolboschoenus maritimus
Bolboschoenus compactus,Bolboschoenus maritimus
Bomarea elegans,Bomarea goniocaulon
Bombax mossambicense,Rhodognaphalon mossambicense
Bombax valetorii,Bombax anceps
Boronia tenuis,Cyanothamnus tenuis
Boscia corymbosa,Boscia angustifolia
Bouteloua gracillis,Chondrosum gracile
Brochoneura vouri,Brochoneura acuminata
Bromus aleutensis,Bromus sitchensis
Bromus thominii,Bromus hordeaceus
Brownea latifolia,Brownea coccinea
Browningia icaensis,Browningia candelaris
Bubbia queenslandiana,Zygogynum queenslandianum
Bubbia semecarpoides,Zygogynum semecarpoides
Bubbia whiteana,Zygogynum semecarpoides
Buchenavia punctata,Terminalia eichleriana
Bulbophyllum bequaertii,Bulbophyllum cochleatum
Bulbophyllum bufo,Bulbophyllum falcatum
Bulbophyllum inflatum,Bulbophyllum comatum
Bupleurum exaltatum,Bupleurum falcatum
Bupleurum linearifolium,Bupleurum falcatum
Buxus hyrcana,Buxus sempervirens
Cabomba piauhyensis,Cabomba haynesii
Caladenia hildae,Caladenia testacea
Calliandra anomala,Calliandra houstoniana
Calliandra carbonaria,Calliandra trinervia
Calliandra emarginata,Calliandra tergemina
Calophyllum australianum,Calophyllum calaba
Calophyllum austrocoriaceum,Calophyllum lanigerum
Calophyllum inophylloide,Calophyllum teysmannii
Calophyllum saigonense,Calophyllum calaba
Calothamnus homalophyllus,Calothamnus quadrifidus
Caltha alba,Caltha palustris
Caltha introloba,Psychrophila introloba
Campnosperma macrophylla,Campnosperma coriaceum
Canarium boivini,Canarium madagascariense
Canarium obtusifolium,Canarium madagascariense
Canscora lucidissima,Phyllocyclus lucidissimus
Canthium orthacathum,Vangueriella orthacantha
Capparis bodinieri,Capparis acutifolia
Capparis elaeagnoides,Capparis fascicularis
Capparis fohaiensis,Capparis sikkimensis
Capparis formosana,Capparis sikkimensis
Capparis masaikai,Capparis sikkimensis
Capparis subtenera,Capparis acutifolia
Capparis yunnanensis,Capparis sikkimensis
Caragana brachyantha,Astragalus anisacanthus
Carduus macrocephalus,Carduus nutans
Carex basiflora,Carex brevicuspis
Carex chitralensis,Carex koshewnikowii
Carex chordalis,Carex jamesonii
Carex demissa,Carex viridula
Carex dimorphotheca,Carex stenophylla
Carex exserta,Carex filifolia
Carex gogelana,Carex binderi
Carex grahami,Carex stenolepis
Carex irrigua,Carex magellanica
Carex jiuhuaensis,Carex manca
Carex kelloggii,Carex lenticularis
Carex kneuckeriana,Carex pseudoaxillaris
Carex lanuginosa,Carex lasiocarpa
Carex lepidocarpa,Carex viridula
Carex lugens,Carex bigelowii
Carex nanella,Carex callitrichos
Carex oedocarpa,Carex viridula
Carex ornithopodioides,Carex ornithopoda
Carex pachystachya,Carex macloviana
Carex paupercula,Carex magellanica
Carex peraffinis,Carex bolina
Carex saxilittoralis,Carex viridula
Carex schlagintweitiana,Carex setigera
Carex stenophylloides,Carex stenophylla
Carex tumidicarpa,Carex viridula
Carpha bracteosa,Carpha capitellata
Carpinus firmifolia,Carpinus pubescens
Carpinus hupeana,Carpinus henryana
Carpinus lanceolata,Carpinus londoniana
Carpinus minutiserrata,Carpinus kawakamii
Carpinus oblongifolia,Carpinus henryana
Carpinus sungpanensis,Carpinus polyneura
Carpinus tsunyihensis,Carpinus polyneura
Carya carolinae-septentrionalis,Carya ovata
Carya leiodermis,Carya glabra
Carya ovalis,Carya glabra
Casearia tulasneana,Casearia nigrescens
Cassia nodosa,Cassia javanica
Cayratia timoriensis,Cayratia trifolia
Ceanothus pumilus,Ceanothus prostratus
Cedrus brevifolia,Cedrus libani
Ceiba parvifolia,Ceiba aesculifolia
Celastrus approximata,Celastrus hindsii
Celastrus venulosa,Celastrus hindsii
Celtis caucasica,Celtis australis
Centaurea transalpina,Centaurea nigrescens
Centaurium setaceum,Zeltnera setaceae
Cerasus chorassanica,Cerasus chorossanica
Cerasus turcomanica,Prunus turcomanica
Cerasus yaoana,Cerasus yaoiana
Cercidium floridum,Cercidium floridum
Cercis orbiculata,Cercis canadensis
Cercocarpus betuloides,Cercocarpus montanus
Cercocarpus minutiflorus,Cercocarpus montanus
Cereus adelmarii,Cereus phatnospermus
Cestrum loretense,Cestrum acuminatissimum
Chaerophyllum acuminatum,Chaerophyllum reflexum
Chaetocalyx parviflora,Chaetocalyx scandens
Chamaespartium sagittal,Genista sagittalis
Chamissoa maximiliani,Chamissoa acuminata
Chenopodium botryodes,Chenopodium chenopodioides
Chenopodium pseudomicrophyllum,Chenopodium desertorum
Chione mexicana,Chione venosa
Chisocheton siamensis,Chisocheton cumingianus
Chisocheton thorelii,Chisocheton cumingianus
Choretrum chrysanthum,Choretrum glomeratum
Chrysophyllum auratum,Chrysophyllum argenteum
Chrysophyllum balata,Chrysophyllum sanguinolentum
Chrysophyllum panamense,Chrysophyllum argenteum
Cinnamomum austro,Cinnamomum triplinerve
Circaea canadensis,Circaea lutetiana
Cirsium araneans,Cirsium clavatum
Cirsium canovirens,Cirsium cymosum
Cirsium centaureae,Cirsium clavatum
Cirsium chellyense,Cirsium arizonicum
Cirsium chuskaense,Cirsium arizonicum
Cirsium cymosum,Cirsium cymosum
Cirsium hillii,Cirsium pumilum
Cirsium loncholepis,Cirsium scariosum
Cirsium murdockii,Cirsium eatonii
Cirsium navajoense,Cirsium arizonicum
Cirsium osterhoutii,Cirsium clavatum
Cirsium peckii,Cirsium eatonii
Cirsium rothrockii,Cirsium arizonicum
Cirsium scapanolepis,Cirsium clavatum
Cirsium scopulorum,Cirsium eatonii
Cissus penninervis,Nothocissus penninervis
Cissus sterculifolia,Nothocissus sterculiifolia
Cissus sterculiifolia,Nothocissus sterculiifolia
Cistanthe frigida,Cistanthe picta
Citrus bergamia,Citrus limon
Cladium californicum,Cladium mariscus
Cladium procerum,Cladium mariscus
Cleidion prealtum,Conceveiba praealta
Cleidion spiciflorum,Acalypha spiciflora
Cleistocactus brevispinus,Cleistocactus pungens
Cleistocactus hildegardiae,Cleistocactus hyalacanthus
Cleistocactus micropetallus,Cleistocactus tominensis
Cleistocactus piraymirensis,Cleistocactus candelilla
Cleistocactus tarijensis,Cleistocactus hyalacanthus
Cleistocactus vulpis-cauda,Cleistocactus brookeae
Clematis iliensis,Clematis alpina
Clematis morii,Clematis henryi
Clematis sibirica,Clematis alpina
Cleome cordobensis,Cleome aculeata
Cleyera parvifolia,Cleyera japonica
Clitoria rufescens,Clitoria falcata
Clusia stenocarpa,Clusia havetioides
Coffea excelsa,Coffea liberica
Combretum binderianum,Combretum collinum
Combretum dasystachyum,Combretum wallichii
Combretum dolichopetalum,Combretum comosum
Combretum flagrocarpum,Combretum wallichii
Combretum griffithii,Combretum wallichii
Combretum hispidum,Combretum comosum
Combretum smeathmaannii,Combretum mucronatum
Combretum yunnanense,Combretum wallichii
Commelina forskalaei,Commelina ramulosa
Commelina gambiae,Commelina nigritana
Commersonia hermanniifolia,Rulingia hermaniifolia
Commiphora boiviniana,Commiphora edulis
Connarus stictophyllus,Connarus monocarpus
Convolvulus aschersonii,Convolvulus sagittatus
Conyza artemisiifolia,Laennecia artemisiifolia
Conyza blanchettii,Apopyros corymbosus
Conyza parva,Conyza canadensis
Copiapoa atacamensis,Copiapoa calderana
Copiapoa esmeraldana,Copiapoa montana
Copiapoa grandiflora,Copiapoa montana
Copiapoa haseltoniana,Copiapoa cinerea
Copiapoa laui,Copiapoa hypogaea
Copiapoa tenuissima,Copiapoa humilis
Cornus australis,Cornus sanguinea
Cornus elliptica,Cornus capitata
Cornus obliqua,Cornus amomum
Cornus occidentalis,Cornus sericea
Coryphantha granta,Coryphantha georgii
Coryphantha pseudoradians,Coryphantha pallida
Coryphantha reduncispina,Coryphantha pallida
Cotoneaster laxiflorus,Cotoneaster melanocarpus
Couepia glandulosa,Couepia guianensis
Coussapoa magnifolia,Coussapoa asperifolia
Crassula luederitzii,Crassula capitella
Crassula swaziensis,Crassula globularioides
Crataegus pontica,Crataegus azarolus
Crataegus pseudomelanocarpa,Crataegus pentagyna
Crataegus szovitsii,Crataegus orientalis
Crataegus turcomanica,Crataegus pseudoheterophylla
Crataegus turkestanica,Crataegus pseudoheterophylla
Crateva formosensis,Crateva adansonii
Crateva trifoliata,Crateva adansonii
Crinum pedunculatum,Crinum asiaticum
Cryptandra waterhousii,Stenanthemum waterhousii
Cryptocarya albida,Litsea albida
Cryptolepis buchanani,Cryptolepis dubia
Cucumis moschata,Cucumis melo
Cullumia ciliaris,Cullumia ciliaris
Cumulopuntia dactylifera,Cumulopuntia boliviana
Cumulopuntia ignescens,Cumulopuntia boliviana
Cupressus forbesii,Cupressus guadalupensis
Cyathula pedicellata,Cyathula prostrata
Cyclobalanopsis augustinii,Quercus augustini
Cyclopia laxiflora,Cyclopia subternata
Cynanchum grisebachianum,Metastelma decaisneanum
Cynanchum validum,Schizostephanus alatus
Cynoglossum geometricum,Cynoglossum coeruleum
Cynoglossum glochidiatum,Cynoglossum wallichii
Cyperus atriceps,Cyperus dubius
Cyperus decurvatus,Cyperus cuspidatus
Cyperus engelmanni,Cyperus odoratus
Cyperus obtusiflorus,Cyperus niveus
Cyperus pachyrhizus,Cyperus conglomeratus
Cyperus species,Cyperus odoratus
Cyphostemma sandersonii,Cyphostemma cirrhosum
Cyrtococcum accrescens,Cyrtococcum patens
Cyrtostylis huegelii,Cyrtostylis reniformis
Dactylorhiza sphagnicola,Dactylorhiza majalis
Daphne rechingeri,Daphne mezereum
Daphniphyllum angustifolium,Daphniphyllum himalayense
Daphniphyllum lancifolium,Daphniphyllum glaucescens
Daphniphyllum longeracemosum,Daphniphyllum himalayense
Daphniphyllum oldhami,Daphniphyllum pentandrum
Dasylepis burtt-davyi,Rawsonia reticulata
Daviesia villifera,Daviesia squarrosa
Delphinium oxycentrum,Delphinium trichophorum
Dendranthema indica,Chrysanthemum indicum
Dendrobium dolichophyllum,Dendrobium teretifolium
Dendrobium nugentii,Dendrobium linguiforme
Dendrobium tarberi,Dendrobium speciosum
Derris timorensis,Derris scandens
Desmoncus leptospadix,Desmoncus mitis
Desmoncus vacivus,Desmoncus mitis
Deyeuxia inequalis,Calamagrostis inaequalis
Dianthus polyclados,Dianthus strictus
Dichaetanthera rosea,Dichaetanthera oblongifolia
Dichanthium jainii,Bothriochloa jainii
Dichapetalum martineaui,Dichapetalum heudelotii
Digitaria decumbens,Digitaria eriantha
Digitaria pentzii,Digitaria eriantha
Digitaria valida,Digitaria eriantha
Dioon angustifolium,Dioon edule
Dioscorea calcensis,Dioscorea glandulosa
Dioscorea lecardii,Dioscorea sagittifolia
Dioscorea liebrechrsiana,Dioscorea praehensilis
Dioscorea rotundata,Dioscorea cayennensis
Dioscorea sapindoides,Dioscorea pilosiuscula
Diospyros austro-africana,Diospyros pubescens
Diospyros boinensis,Diospyros greveana
Diospyros geayana,Diospyros pruinosa
Diospyros melinoni,Diospyros capreifolia
Diospyros melinonii,Diospyros capreifolia
Diospyros nicaraguensis,Diospyros acapulcensis
Dipterocarpus penangianus,Dipterocarpus caudatus
Dipterocarpus pseudo-fagineus,Dipterocarpus fagineus
Disparago barbata,Monticapra barbata
Disparago gongylodes,Monticapra gonglodes
Disparago kolbei,Laevicarpa kolbei
Disparago pilosa,Monticapra pilosa
Disparago tortilis,Gongyloglossa tortilis
Diuris pauciflora,Diuris emarginata
Dodonaea angustifolia,Dodonaea viscosa
Dombeya erythroleuca,Dombeya torrida
Drimys vickeriana,Tasmannia vickeriana
Drosera enodes,Drosera dichrosepala
Drosera roseana,Drosera paleacea
Drosera stellifora,Drosera paleacea
Dryas ajanensis,Dryas octopetala
Dryas alaskensis,Dryas octopetala
Dryas hookeriana,Dryas octopetala
Dubouzetia novoguineensis,Dubouzetia elegans
Durio wrayii,Durio lowianus
Dysoxylum richii,Dysoxylum mollissimum
Dyssochroma longipes,Markea longipes
Ecclinusa abreviata,Ecclinusa ramiflora
Echeveria backebergii,Echeveria chiclensis
Echeveria simulans,Echeveria elegans
Echinocereus bonkerae,Echinocereus fasciculatus
Echinocereus boyce-thompsonii,Echinocereus fasciculatus
Echinocereus freudenbergeri,Echinocereus delaetii
Echinocereus ledingii,Echinocereus fendleri
Echinocereus mojavensis,Echinocereus triglochidiatus
Echinodorus bleheri,Echinodorus grisebachii
Echinopsis cerdana,Echinopsis ferox
Echinopsis litoralis,Echinopsis chiloensis
Echinopsis skottsbergii,Echinopsis chiloensis
Echites turrigera,Echites yucatanensis
Ehretia membranifolia,Ehretia saligna
Ehretia silvatica,Ehretia cymosa
Elaeagnus oxycarya,Elaeagnus angustifolia
Elaeocarpus apiculatus,Elaeocarpus obtusus
Elaphoglossum rufidulum,Elaphoglossum deckenii
Eleocharis austriaca,Eleocharis mamillata
Eleocharis smallii,Eleocharis palustris
Elymus kosaninii,Elymus tauri
Elymus mossii,Ã— Agroelymus
Elytropappus glandulosus,Myrovernix glandulosus
Elytropappus gnaphaloides,Myrovernix gnaphaloides
Elytropappus longifolius,Myrovernix muricata
Embothrium longifolium,Lomatia longifolia
Engelhardtia colebrookiana,Engelhardtia spicata
Ephedra microbracteata,Ephedra strobilacea
Ephedra procera,Ephedra major
Epidendrum imatophyllum,Epidendrum flexuosum
Epidendrum mucronata,Earina mucronata
Epidendrum novo-granatense,Epidendrum secundum
Epiphyllum columbiense,Epiphyllum hookeri
Epiphyllum costaricense,Epiphyllum thomasianum
Epiphyllum guatemalense,Epiphyllum hookeri
Epiphyllum rubrocoronatum,Epiphyllum phyllanthus
Epithelantha bokei,Epithelantha micromeris
Eriachne dominii,Eriachne pulchella
Erica tegetiformis,Erica senilis
Erica viscidiflora,Erica calycina
Erigeron austiniae,Erigeron chrysopsidis
Erigeron proselyticus,Erigeron sionis
Erigeron zothecinus,Erigeron concinnus
Eriophorum triste,Eriophorum angustifolium
Eriosyce aerocarpa,Eriosyce napina
Eriosyce krausii,Eriosyce odieri
Eriosyce omasensis,Eriosyce islayensis
Eriosyce tenebrica,Eriosyce napina
Espostoa huanucoensis,Espostoa lanata
Espostoa lanianuligera,Espostoa lanata
Espostoa ruficeps,Espostoa lanata
Eucalyptus bicostata,Eucalyptus globulus
Eucalyptus campanulata,Eucalyptus andrewsii
Eucalyptus cannonii,Eucalyptus macrorhyncha
Eucalyptus debeuzevillei,Eucalyptus pauciflora
Eucalyptus dongarraensis,Eucalyptus obtusiflora
Eucalyptus latiuscula,Eucalyptus moorei
Eucalyptus maidenii,Eucalyptus globulus
Eucalyptus niphophila,Eucalyptus pauciflora
Eucalyptus nubila,Eucalyptus fibrosa
Eucalyptus patentinervis,Eucalyptus kirtoniana
Eucalyptus peeneri,Eucalyptus eremicola
Eucalyptus petiolaris,Eucalyptus leucoxylon
Eucalyptus praecox,Eucalyptus mannifera
Eucalyptus pseudoglobulus,Eucalyptus globulus
Eucalyptus rossii,Eucalyptus racemosa
Eucalyptus stjohnii,Eucalyptus globulus
Eucalyptus triplex,Eucalyptus cinerea
Eucalyptus wimmerensis,Eucalyptus viridis
Euclea daphnoides,Euclea racemosa
Euclea linearis,Euclea crispa
Euclea schimperi,Euclea racemosa
Eucomis amaryllidifolia,Eucomis autumnalis
Eugenia albanensis,Eugenia capensis
Eugenia borinquensis,Eugenia cordata
Eugenia coloradensis,Eugenia florida
Eugenia gandhii,Myrcianthes fragrans
Eugenia natalitia,Eugenia capensis
Eugenia richardii,Syzygium emirnense
Eugenia zeyheri,Eugenia capensis
Eulophia huttonii,Eulophia aculeata
Eulychnia ritteri,Eulychnia iquiquensis
Euphorbia austro-occidentalis,Euphorbia forsskalii
Euphorbia chrysophylla,Euphorbia portulacoides
Euphorbia eremophila,Euphorbia tannensis
Euphrasia alsa,Euphrasia scabra
Euphrasia arguta,Euphrasia scabra
Eutaxia diffusa,Eutaxia microphylla
Fadogia thamnus,Fadogia chlorantha
Fagara atchoum,Zanthoxylum atchoum
Fagara culantrillo,Zanthoxylum fagara
Fagara psammophila,Zanthoxylum psammophilum
Felicia erigeroides,Erigeron karvinskianus
Felicia hyssopifolia,Felicia hyssopifolia
Ferocactus santa-maria,Ferocactus peninsulae
Ficus agapetoides,Ficus disticha
Ficus andicola,Ficus americana
Ficus camptoneura,Ficus ardisioides
Ficus cardiophylla,Ficus saxophila
Ficus gibbosa,Ficus tinctoria
Ficus guianensis,Ficus americana
Ficus guttata,Ficus laevis
Ficus hillii,Ficus microcarpa
Ficus leprieuri,Ficus natalensis
Ficus macrosperma,Ficus sansibarica
Ficus peres-arbelaezii,Ficus crocata
Ficus pringsheimiana,Ficus cyathistipula
Ficus rensoniana,Ficus cotinifolia
Ficus stupenda,Ficus crassiramea
Ficus subapiculata,Ficus americana
Ficus triangularis,Ficus natalensis
Fimbristylis depauperata,Fimbristylis dichotoma
Fimbristylis subbispicata,Fimbristylis tristachya
Forsteronia portoricensis,Pinochia corymbosa
Fraxinus oxycarpa,Fraxinus angustifolia
Fraxinus rhynchophylla,Fraxinus chinensis
Fritillaria chitralensis,Fritillaria imperialis
Gagnebina calcicola,Gagnebina commersoniana
Galenia pallens,Galenia pubescens
Galeopsis angustifolia,Galeopsis ladanum
Galinsoga unxioides,Galinsoga mandonii
Galium ibicinum,Galium spurium
Gamochaeta sphacilata,Gamochaeta chionesthes
Gasteria retusa,Gasteria carinata
Gasteria thunbergii,Gasteria carinata
Gastrolobium marginatum,Gastrolobium velutinum
Gentiana abaensis,Gentiana spathulifolia
Gentiana asparagoides,Gentiana aristata
Gentiana atropurpurea,Gentiana vernayi
Gentiana baoxingensis,Gentiana vandellioides
Gentiana bomiensis,Gentiana aquatica
Gentiana burkillii,Gentiana aquatica
Gentiana burmensis,Gentiana grata
Gentiana complexa,Gentiana flexicaulis
Gentiana conduplicata,Gentiana clarkei
Gentiana crenulatotruncata,Gentiana prostrata
Gentiana curvianthera,Gentiana choanantha
Gentiana curviphylla,Gentiana crassuloides
Gentiana daochengensis,Gentiana riparia
Gentiana delicata,Gentiana rubicunda
Gentiana dolichocalyx,Gentiana helophila
Gentiana epichysantha,Gentiana panthaica
Gentiana erectosepala,Gentiana handeliana
Gentiana filisepala,Gentiana rubicunda
Gentiana globosa,Gentiana albicalyx
Gentiana itzershanensis,Gentiana scabrida
Gentiana kunmingensis,Gentiana maeulchanensis
Gentiana lacinulata,Gentiana muscicola
Gentiana leucantha,Gentiana decorata
Gentiana ludingensis,Gentiana pseudosquarrosa
Gentiana mailingensis,Gentiana crassuloides
Gentiana napulifera,Gentiana loureiroi
Gentiana ninglangensis,Gentiana pubigera
Gentiana nyingchiensis,Gentiana crassuloides
Gentiana omeiensis,Gentiana microdonta
Gentiana phyllopoda,Gentiana microdonta
Gentiana prainii,Gentiana recurvata
Gentiana pseudoaquatica,Gentiana aquatica
Gentiana purdomii,Gentiana algida
Gentiana rigescens,Gentiana crassa
Gentiana scabrifilamenta,Gentiana alsinoides
Gentiana scytophylla,Gentiana albomarginata
Gentiana sichitoensis,Gentiana otophora
Gentiana striolata,Gentiana wilsonii
Gentiana subintricata,Gentiana intricata
Gentiana subuniflora,Gentiana chungtienensis
Gentiana syringea,Gentiana tricolor
Gentiana tatakensis,Gentiana flavomaculata
Gentiana tentyoensis,Gentiana zollingeri
Gentiana tenuicaulis,Gentiana walujewii
Gentiana wissmannii,Gentiana wingecarribiensis
Gentiana xingrenensis,Gentiana pedata
Gentiana yiliangensis,Gentiana vandellioides
Gentianella acuta,Gentianella amarella
Gentianella boliviana,Gentianella peruviana
Gentianella inaequicalyx,Gentianella silenoides
Geonoma oxycarpa,Geonoma pinnatifrons
Geranium charlesii,Geranium kotschyi
Gigasiphon schlechteri,Bauhinia ampla
Glochidion arborescens,Glochidion zeylanicum
Glochidion hirsutum,Glochidion zeylanicum
Glycosmis craibii,Glycosmis puberula
Glycosmis longifolia,Glycosmis cyanocarpa
Gouania adenophera,Gouania frangulifolia
Goyazia villosa,Gloxinia villosa
Grevillea bleasdalei,Gevuina bleasdalei
Grewia olukondae,Grewia flavescens
Grusonia pulchella,Micropuntia pulchella
Guettarda burchellii,Guettarda pohliana
Gymnadenia intermedia,Gymnadenia densiflora
Gymnema indicum,Gymnema montanum
Gymnocalycium angelae,Gymnocalycium denudatum
Gymnocalycium borthii,Gymnocalycium gibbosum
Gymnocalycium buenekeri,Gymnocalycium horstii
Gymnocalycium carmianthum,Gymnocalycium oenanthemum
Gymnocalycium delaetii,Gymnocalycium schickendantzii
Gymnocalycium netrelianum,Gymnocalycium hyptiacanthum
Gymnocalycium uruguayense,Gymnocalycium hyptiacanthum
Gymnopetalum conchinchinense,Gymnopetalum chinense
Gypsophila montana,Saponaria montana
Habenaria caffra,Habenaria falcicornis
Harrimanella stelleriana,Cassiope stelleriana
Harrisia brookii,Cereus brookii
Harrisia nashii,Cereus nashii
Harrisia portoricensis,Cereus portoricensis
Harrisia taylori,Cereus taylorii
Haworthia leightonii,Haworthia cooperi
Hedyosmum calloso-serratum,Hedyosmum bonplandianum
Helianthemum canum,Helianthemum oelandicum
Heliocereus amecamensis,Heliocereus speciosus
Heliocereus luzmariae,Heliocereus schrankii
Heliotropium hereroense,Euploca rariflora
Henriettea longifolia,Henriettea martiusii
Hernandia voyroni,Hazomalania voyronii
Herniaria cinerea,Herniaria hirsuta
Heteropsis ovata,Monstera adansonii
Heteropsis surinamensis,Monstera adansonii
Hevea lutea,Hevea guianensis
Hieracium praealtum,Pilosella piloselloides
Hieracium tridentatum,Hieracium laevigatum
Hieronyma laxifolia,Hieronyma alchorneoides
Hippocratea africanna,Loeseneriella africana
Hippocratea guineensis,Loeseneriella apocynoides
Hippocratea obtusifolia,Loeseneriella africana
Hippocratea volkensii,Pristimera andongensis
Hiptage obtusifolia,Hiptage bengalensis
Hirtella caudata,Hirtella bicornis
Holboellia fargesi,Holboellia angustifolia
Holcus sudanensis,Sorghum drummondii
Holosteum glutinosum,Holosteum umbellatum
Holothrix condensata,Holothrix villosa
Homalomena minor,Homalomena humilis
Hordeum glaucum,Hordeum murinum
Hordeum leporinum,Hordeum murinum
Horsfieldia pandurifolia,Endocomia macrocoma
Horsfieldia prainii,Endocomia macrocoma
Hoya bella,Hoya lanceolata
Hugonia mystax,Hugonia serrata
Hybanthus monopetalus,Hybanthus monoepetalus
Hygrophila quadrivalvis,Hygrophila ringens
Hygrophila salicifolia,Hygrophila ringens
Hylotelephium caucasicum,Sedum maximum
Hymenaea stilbocarpa,Hymenaea courbaril
Hypochaeris barbata,Hypochaeris sessiliflora
Hypochaeris sonchoides,Hypochaeris sessiliflora
Hypochaeris stuebelii,Hypochaeris sessiliflora
Ilex platyphylla,Ilex perado
Illicium oligandrum,Illicium parvifolium
Illigera coryzadenia,Illigera trifoliata
Inga aestuariorum,Inga multijuga
Inga grandijlora,Inga crassiflora
Inga lomatophylla,Inga amazonica
Ipomoea calodendron,Ipomoea wolcottiana
Ipomoea companulata,Stictocardia tiliifolia
Ipomoea peckoltii,Ipomoea oocarpa
Ipomoea velutipes,Ipomoea chrysochaetia
Isoetes stephansenii,Isoetes capensis
Isolepis platycarpa,Isolepis cernua
Isolepis setiformis,Isolepis cernua
Ixia bellendenii,Ixia longituba
Ixia parva,Sparaxis grandiflora
Ixia ramulosa,Ixia latifolia
Ixora klanderana,Ixora timorensis
Jacaranda rhombifolia,Jacaranda obtusifolia
Jacquinia pungens,Bonellia macrocarpa
Jasminum funale,Jasminum simplicifolium
Jasminum nitidum,Jasminum laurifolium
Jasminum sessiliforum,Jasminum angustifolium
Juncus andicola,Juncus balticus
Juncus kern-reichgeltii,Juncus brueggeri
Juncus kotschyi,Juncus fontanesii
Juncus mexicanus,Juncus balticus
Juniperus macropoda,Juniperus polycarpos
Juniperus silicicola,Juniperus virginiana
Kalanchoe luciae,Kalanchoe luciae
Kedrostis courtallensis,Cayaponia laciniosa
Knema angustifolia,Knema cinerea
Koelreuteria henryi,Koelreuteria elegans
Kyllinga elatior,Kyllinga polyphylla
Kyllinga welwitschii,Kyllinga tenuifolia
Lachenalia flava,Lachenalia aloides
Lachenalia quadricolor,Lachenalia aloides
Lachenalia schlechteri,Lachenalia unifolia
Lachenalia sessiliflora,Lachenalia orchioides
Lachenalia wrightii,Lachenalia unifolia
Larix himalaica,Larix potaninii
Larix olgensis,Larix gmelinii
Larix rossica,Larix sibirica
Larix speciosa,Larix griffithii
Lasiurus hirsutus,Triticum aegilopoides
Lemna polyrhiza,Spirodela polyrrhiza
Lens orientalis,Lens culinaris
Leonotis intermedia,Leonotis ocymifolia
Leonotis randii,Leonotis ocymifolia
Leonotis schinzii,Leonotis ocymifolia
Leptochloa uninervia,Leptochloa fusca
Lespedeza cuneata,Lespedeza juncea
Lessingia glandulifera,Lessingia germanorum
Lessingia lemmonii,Lessingia glandulifera
Leucopogon hookeri,Acrothamnus hookeri
Leucopogon maccraei,Acrothamnus maccraei
Litsea faberi,Litsea elongata
Lonicera chlamydata,Lonicera saccata
Lonicera emphyllocalyx,Lonicera venulosa
Lonicera morrowii,Lonicera tatarica
Lonicera myrtillus,Lonicera angustifolia
Madhuca indica,Madhuca longifolia
Madhuca latifolia,Madhuca longifolia
Magnolia ashei,Magnolia macrophylla
Magnolia candollii,Magnolia liliifera
Magnolia glaucifolia,Magnolia conifera
Magnolia pyramidata,Magnolia fraseri
Mahonia leschenaultii,Berberis leschenaultii
Mahonia pinnata,Berberis pinnata
Maihueniopsis clacarioides,Puna clavarioides
Mammillaria angelensis,Mammillaria dioica
Mammillaria brachytrichion,Mammillaria pennispinosa
Mammillaria estebanensis,Mammillaria dioica
Mammillaria flavecentra,Mammillaria dixanthocentron
Mammillaria fraileana,Mammillaria albicans
Mammillaria limonensis,Mammillaria fittkaui
Mammillaria muehlenpfordtii,Cactus muehlenpfordtii
Mammillaria zublerae,Mammillaria prolifera
Manihot glaziovii,Manihot carthaginensis
Manilkara amazonica,Manilkara bidentata
Manilkara bahamensis,Manilkara jaimiqui
Manilkara nitida,Manilkara bidentata
Manilkara surinamensis,Manilkara bidentata
Manilkara tampolensis,Manilkara boivinii
Maquira costaricana,Maquira guianensis
Marsdenia barbata,Gymnema barbatum
Mascagnia hippocratioides,Adelphia hiraea
Mastixia caudatifolia,Mastixia rostrata
Mastixia philippinensis,Mastixia pentandra
Matelea mediocris,Matelea squiresii
Matthiola bicornis,Matthiola longipetala
Maxillaria suarezorum,Mormolyca suareziorum
Melaleuca corrugata,Melaleuca fulgens
Melanthera albinervia,Melanthera pungens
Melocactus perezassoi,Melocactus harlowii
Melodinus novo-guineensis,Melodinus australis
Mesechites sanctaecrucis,Mesechites trifidus
Metastelma anegadense,Cynanchum anegadense
Metastelma monense,Cynanchum monense
Michelia crassipes,Magnolia figo
Michelia elegans,Magnolia elegantifolia
Michelia martinii,Magnolia martini
Michelia pilifera,Magnolia champaca
Michelia skinneriana,Magnolia figo
Miconia furfurcea,Acinodendron furfuraceum
Miconia mendoncae,Acinodendron mendoncaei
Miconia mourae,Acinodendron mouraei
Miconia trianae,Acinodendron trianae
Micrechites elliptica,Micrechites polyanthus
Mikania trachypleura,Mikania ypacarayensis
Miltonia peetersiana,Miltonia bluntii
Mimosa candollei,Mimosa quadrivalvis
Mimosa recordi,Mimosa watsonii
Miscanthus lutarioriparius,Miscanthus sacchariflorus
Monocarpia marginalis,Cyathocalyx maingayi
Monochoria elata,Monochoria hastata
Monstera blanchetii,Monstera adansonii
Montia minor,Montia fontana
Mucuna collettii,Mucuna macrocarpa
Mucuna utilis,Mucuna pruriens
Myosotis caespitosa,Myosotis laxa
Najas intermedia,Najas marina
Najas muenscheri,Najas guadalupensis
Neogaerrhinum strictum,Asarina stricta
Nepeta paulsenii,Nepeta podostachys
Neslia apiculata,Neslia paniculata
Nicotiana rotundifolia,Nicotiana suaveolens
Nothofagus truncata,Nothofagus fusca
Nymphaea caerulea,Nymphaea nouchali
Nymphaea pygmea,Nymphaea tetragona
Nymphaea tuberosa,Nymphaea odorata
Nyssa biflora,Nyssa sylvatica
Odontoglossum auro-purpureum,Cyrtochilum auropurpureum
Odontoglossum coradinei,Oncidium coradinei
Olea aucheri,Olea europaea
Ononis antiquorum,Ononis spinosa
Ononis arvensis,Ononis spinosa
Ononis repens,Ononis spinosa
Ophioglossum gomezianum,Ophioglossum nudicaule
Ophioglossum gramineum,Ophioglossum lusitanicum
Opilia celridifolia,Opilia amentacea
Opuntia cardiosperma,Opuntia elata
Opuntia lindheimeri,Opuntia engelmannii
Opuntia linguiformis,Opuntia engelmannii
Opuntia rufida,Opuntia microdasys
Opuntia tenuispina,Opuntia macrorhiza
Opuntia wootonii,Opuntia phaeacantha
Orchis prisca,Orchis spitzelii
Oreomyrrhis argentea,Chaerophyllum argenteum
Oreomyrrhis brevipes,Chaerophyllum brevipes
Oreomyrrhis ciliata,Chaerophyllum australianum
Oreomyrrhis eriopoda,Chaerophyllum eriopodum
Oreomyrrhis pulvinifica,Chaerophyllum pulvinificum
Ornithogalum longebracteatum,Albuca bracteata
Orostachys stenostachya,Kungia schoenlandii
Orthilia obtusata,Orthilia secunda
Oryzopsis lessoniana,Agrostis lessoniana
Ostodes katharinae,Ostodes paniculata
Oxalis corymbosa,Oxalis debilis
Oxystelma alpini,Oxystelma esculentum
Pachypodium bicolor,Pachypodium rosulatum
Pachypodium cactipes,Pachypodium rosulatum
Pachypodium gracilius,Pachypodium rosulatum
Pachypodium makayense,Pachypodium rosulatum
Packera moresbiensis,Packera subnuda
Panicum crusgalli,Echinochloa crus-galli
Panicum firmulum,Setaria reverchonii
Panicum makarikariense,Panicum coloratum
Panicum ramisetum,Setaria reverchonii
Panicum reverchoni,Setaria reverchonii
Papaver setigerum,Papaver somniferum
Paphiopedilum richardianum,Paphiopedilum lowii
Paradavallodes membranulosa,Davallodes membranulosum
Parinari asperula,Atuna racemosa
Parinari rubiginosa,Parinari costata
Parinari villamilii,Atuna racemosa
Parodia formosa,Parodia microsperma
Parodia saint-pieana,Parodia microsperma
Passiflora aurantia,Blephistelma aurantia
Passiflora herbertiana,Disemma herbertiana
Passiflora leschenaultii,Decaloba leschenaultii
Patersonia longifolia,Patersonia sericea
Peltogyne pubescens,Peltogyne paniculata
Peltophorum tonkinense,Peltophorum dasyrrhachis
Pentacalia parasitic,Pentacalia wilburii
Pentapanax racemosa,Aralia gigantea
Peperomia menkeana,Peperomia galioides
Periploca angustifolia,Periploca laevigata
Perrottetia arborescens,Perrottetia alpestris
Persea kusanoi,Machilus japonica
Persea velutina,Ocotea calophylla
Persicaria lanata,Polygonum lapathifolium
Phaseolus polyanthus,Phaseolus coccineus
Phoradendron emarginatum,Phoradendron mucronatum
Physocarpus intermedius,Physocarpus opulifolius
Picea balfouriana,Picea likiangensis
Picea montigena,Picea likiangensis
Picea tianschanica,Picea schrenkiana
Picramnia quaternaria,Picramnia antidesma
Pinus bahamensis,Pinus caribaea
Pinus chiapensis,Pinus strobus
Pinus chihuahuana,Pinus leiophylla
Pinus discolor,Pinus cembroides
Pinus insularis,Pinus kesiya
Pinus laricio,Pinus pinaster
Pistacia integerrima,Pistacia chinensis
Pisum elatius,Pisum sativum
Pithecellobium caraboboense,Chloroleucon mangense
Pithecellobium ligustricum,Zygia longifolia
Pittosporum colensoi,Pittosporum tenuifolium
Pittosporum formosanum,Pittosporum pentandrum
Pittosporum salicifolium,Pittosporum polyspermum
Pityopsis aspera,Pityopsis aspera
Platanthera kuenkelei,Platanthera bifolia
Platanus hybrida,Platanus hispanica
Platea kinabaluensis,Platea excelsa
Platea montana,Platea excelsa
Pleurothallis bulbosa,Pleurothallopsis tubulosa
Pleurothallis jamesonii,Stelis jamiesonii
Pleurothallis picia,Acianthera pubescens
Pleurothallis sertularoides,Anathallis sertularioides
Podotheca angustifolia,Podosperma angustifolium
Polycardia ilicifolia,Polycardia aquifolium
Polygonum prostratum,Polygonum aviculare
Polypogon minutiflorus,Polypogon griquensis
Polystachya aconitiflora,Polystachya vulcanica
Polystachya tessallata,Polystachya concreta
Popowia oliverana,Monanthotaxis parvifolia
Populus curamericana,Populus canadensis
Populus davidiana,Populus tremula
Populus gileadensis,Populus candicans
Populus monilifera,Populus deltoides
Populus robusta,Populus canadensis
Populus sargentii,Populus deltoides
Populus sieboldii,Populus tremula
Porophyllum platyphyllum,Porophyllum oppositifolium
Potamogeton vaginans,Potamogeton lucens
Potentilla arbuscula,Potentilla fruticosa
Potentilla salesoviana,Comarum salesovianum
Poupartia amazonica,Antrocaryon amazonicum
Pourouma apiculata,Pourouma tomentosa
Pouteria cooperi,Pouteria torta
Pouteria cuprea,Pouteria glomerata
Pouteria dasystyla,Pouteria venosa
Pouteria echinocarpa,Pouteria torta
Pouteria gutta,Pouteria torta
Pouteria jenmanii,Pouteria torta
Pouteria neglecta,Pouteria torta
Pouteria wurdackii,Pouteria torta
Pouzolzia wightii,Pouzolzia pentandra
Premna villosa,Premna coriacea
Prestoea montana,Prestoea acuminata
Prostanthera euphrasioides,Prostanthera cryptandroides
Protium crassifolium,Protium giganteum
Prunus insititia,Prunus domestica
Pseudognaphalium elegans,Gnaphalium elegans
Pseudognaphalium luteo-album,Laphangium luteoalbum
Psidium pohlianum,Psidium salutare
Pterocarya delavayi,Pterocarya macroptera
Pterocarya insignis,Pterocarya macroptera
Pterygodium cleistogamum,Pterygodium newdigatae
Pueraria lobata,Pueraria montana
Pueraria thomsoni,Pueraria montana
Pueraria thunbergiana,Pueraria montana
Pulicaria paludosa,Pulicaria arabica
Pultenaea cinerascens,Pultenaea microphylla
Pycreus albo-marginatus,Pycreus macrostachyos
Pycreus rehmannianus,Pycreus flavescens
Pyrrosia heteractis,Pyrrosia lingua
Pyrrosia stenophylla,Pyrrosia porosa
Pyrrosia tonkinensis,Pyrrosia porosa
Quaqua arenicola,Quaqua armata
Quaqua aurea,Quaqua incarnata
Quaqua bayeriana,Quaqua parviflora
Quaqua cincta,Quaqua inversa
Quaqua pulchra,Quaqua parviflora
Quercus beadlei,Quercus saulii
Quercus boissieri,Quercus infectoria
Quercus breviloba,Quercus sinuata
Quercus calvescens,Quercus streimii
Quercus crispula,Quercus mongolica
Quercus pauciloba,Quercus undulata
Quercus pedunculiflora,Quercus robur
Quercus polycarpa,Quercus petraea
Quercus yunnanensis,Quercus dentata
Raphanus sativus,Raphanus raphanistrum
Rebutia wessneriana,Rebutia minuscula
Rhagodia candolleana,Rhagodia baccata
Rhagodia linifolia,Einadia nutans
Rhamnus fallax,Rhamnus alpina
Rhamnus tomentella,Frangula californica
Rhaphiolepis integerrima,Rhaphiolepis indica
Rhaphiolepis umbellata,Rhaphiolepis indica
Rhododendron groenlandicum,Ledum palustre
Rhynchelytrum villosum,Melinis repens
Rhynchospora brownii,Rhynchospora rugosa
Rhynchospora pura,Rhynchospora nervosa
Ribes gayana,Ribes trilobum
Rosa vosagiaca,Rosa caesia
Rosularia modesta,Rosularia modesta
Roupala brasiliensis,Roupala montana
Rubus coriaceus,Rubus lippaianus
Salacia camerunensis,Salacia longipes
Salicornia pachystachya,Arthrocnemum pachystachyum
Salix canariensis,Salix pedicellata
Salix cuspidata,Salix meyeriana
Salix glaucosericea,Salix glauca
Salix hindsiana,Salix exigua
Salix pet-susu,Salix schwerinii
Salix pseudo-safsaf,Salix acmophylla
Salix richardsonii,Salix lanata
Salix sepulchralis,Salix salamonii
Salix sepulcralis,Salix salamonii
Salix viridis,Salix fragilis
Salsola tragus,Salsola kali
Sarcococca hookeriana,Sarcococca pruniformis
Sarcococca saligna,Sarcococca pruniformis
Sarcostemma brunonianum,Sarcostemma viminale
Saribus papuanus,Livistona papuana
Saussurea viscida,Saussurea angustifolia
Schkuhria anthemoidea,Schkuhria pinnata
Schoenoplectus subulatus,Schoenoplectus litoralis
Schoenus intermedius,Schoenus scheuchzeri
Scirpoides thunbergii,Scirpoides holoschoenus
Scirpus paludosus,Bolboschoenus maritimus
Scirpus platycarpus,Isolepis cernua
Sclerocactus uncinatus,Glandulicactus uncinatus
Sclerocarya caffra,Sclerocarya birrea
Sebaea capitata,Sebaea capitata
Sedum berillonianum,Villadia berillonana
Sedum gattefossei,Aichryson gattefossei
Sedum surrculosum,Monanthes atlantica
Sedum wilczekianum,Sedum hirsutum
Senecio anacampserotis,Senecio spathulatus
Senecio culcitioides,Senecio comosus
Senecio myricifolius,Senecio alleizettei
Senecio noeanus,Senecio glaucus
Senecio pulviniformis,Senecio humillimus
Senecio rupestris,Senecio squalidus
Senecio sandemannii,Dendrophorbium multinerve
Senecio vernalis,Senecio leucanthemifolius
Serjania nessites,Serjania mexicana
Sesbania rogersii,Sesbania tetraptera
Shorea philippinensis,Shorea assamica
Shuteria bracteosa,Amphicarpaea ferruginea
Sicyos semitonsus,Cladocarpa semitonsa
Sida alnifolia,Sida rhombifolia
Silene longicarpophora,Gastrolychnis longicarpophora
Silphium gracile,Silphium radula
Silphium pinnatifidum,Silphium terebinthinaceum
Silphium simpsonii,Silphium asteriscus
Smilax krausiana,Smilax anceps
Smilax longebracteolata,Smilax elegans
Solanum fecundum,Solanum aturense
Solanum obliquum,Cyphomandra obliqua
Solanum pendulum,Cyphomandra pendula
Solanum piceum,Solanum demissum
Solidago deamii,Solidago simplex
Solidago flaccidifolia,Solidago curtisii
Solidago gracillima,Solidago stricta
Sorghum sudanense,Sorghum drummondii
Sparrmannia subpalmata,Sparrmannia ricinocarpa
Sphedamnocarpus galphimiifolius,Sphedamnocarpus pruriens
Sphenodesme paniculata,Sphenodesme involucrata
Spiraea corymbosa,Spiraea betulifolia
Spiraea lucida,Spiraea betulifolia
Spondias haplophylla,Haplospondias haplophylla
Spyridium subochreatum,Cryptandra subochreata
Stachys tuberifera,Stachys sieboldii
Staudtia gabonensis,Staudtia kamerunensis
Staudtia stipitata,Staudtia kamerunensis
Stelis caveata,Stelis cuencana
Stelis pilulosa,Stelis atroviolacea
Stellaria cupaniana,Stellaria media
Stenorrhynchos bracteosus,Coccineorchis bracteosa
Stevia bangii,Stevia tarijensis
Stewartia koreana,Stewartia pseudocamellia
Stillingia pacifica,Stillingia lineata
Stipa extremiorientale,Stipa pekinensis
Stizolobium pruriens,Mucuna pruriens
Stoebe intricata,Myrovernix intricata
Stoebe saxatilis,Seriphium saxatilis
Stoebe spiralis,Seriphium spirale
Strobilanthes luridus,Strobilanthes lurida
Strychnos pandensis,Strychnos lucens
Styphelia angustifolia,Styphelia laeta
Swietenia mahogonii,Swietenia mahagoni
Symphyotrichum bahamense,Symphyotrichum subulatum
Symphyotrichum divaricatum,Symphyotrichum subulatum
Symplocos laurina,Symplocos cochinchinensis
Symplocos munda,Symplocos montana
Symplocos spicata,Symplocos cochinchinensis
Syringa pekinensis,Syringa reticulata
Tachia orientalis,Tachia grandifolia
Talauma hodgsoni,Magnolia hodgsonii
Talisia intermedia,Melicoccus oliviformis
Tamarix ispahanica,Tamarix szovitsiana
Tamarix macrocarpa,Tamarix passerinoides
Tasmannia insipida,Drimys insipida
Taxodium ascendens,Taxodium distichum
Teijsmanniodendron kostermansi,Teijsmanniodendron bogoriense
Tetracera dinklagei,Tetracera alnifolia
Thelesperma ambiguum,Thelesperma megapotamicum
Thelocactus garciae,Thelocactus conothelos
Therorhodion glandulosum,Rhododendron camtschaticum
Thesium crassifolium,Thesium frisea
Thiloa paraguarensis,Combretum paraguariense
Thlaspi calaminare,Thlaspi caerulescens
Tilia heterophylla,Tilia americana
Tilia vulgaris,Tilia europaea
Tillandsia hieronymi,Tillandsia capillaris
Tillandsia permutata,Tillandsia capillaris
Tillandsia virescens,Tillandsia capillaris
Tontelea fluminensis,Tontelea ovalifolia
Tontelea richardii,Tontelea ovalifolia
Torreya fargesii,Torreya grandis
Trachypogon gouini,Trachypogon spicatus
Trachypogon montufari,Trachypogon spicatus
Trapa bispinosa,Trapa natans
Treculia lamiana,Treculia africana
Treculia madagascarica,Treculia africana
Treculia perrieri,Treculia africana
Treculia sambiranensis,Treculia africana
Tricalysia junodii,Empogona kirkii
Tridens grandiflorus,Erioneuron avenaceum
Trifolium peruvianum,Trifolium amabile
Trigonella uncata,Trigonella glabra
Triodanis biflora,Triodanis perfoliata
Trisetum pennsylvanicum,Sphenopholis pensylvanica
Triticum dicoccum,Triticum dicoccon
Triuris mycoides,Peltophyllum luteum
Trixis neaeana,Trixis cacalioides
Trixis subparadoxa,Trixis cacalioides
Tulipa anadroma,Tulipa tschimganica
Tulipa foliosa,Tulipa armena
Turbinicarpus bonatzii,Turbinicarpus schmiedickeanus
Turbinicarpus knuthianus,Turbinicarpus saueri
Turbinicarpus pailanus,Turbinicarpus beguinii
Turbinicarpus rioverdensis,Turbinicarpus schmiedickeanus
Turbinicarpus ysabelae,Turbinicarpus saueri
Tylophora belostemma,Belostemma hirsutum
Uapaca lissopyrena,Uapaca guineensis
Ulmus chumlia,Ulmus androssowii
Ulmus japonica,Ulmus davidiana
Ulmus lasiophylla,Ulmus bergmanniana
Ulmus propinqua,Ulmus davidiana
Ulmus wilsoniana,Ulmus davidiana
Uvaria dulcis,Anomianthus dulcis
Uvaria goeziana,Desmos goezeanus
Uvaria virens,Uvaria lucida
Valeriana candolleana,Valeriana scandens
Vernonia cainarachensis,Eirmocephala cainarachiensis
Vernonia pectiniformis,Gymnanthemum pectiniforme
Vernonia rubicunda,Vernonia hildebrandtii
Vernonia salvifolia,Vernonanthura brasiliana
Vernonia stuebelii,Vernonanthura patens
Vicia angustifolia,Vicia sativa
Vicia dalmatica,Vicia tenuifolia
Vigna brachycarpa,Vigna radiata
Vincetoxicum linifolium,Cynanchum linifolium
Viola cretica,Viola alba
Vitex pseudo-negundo,Vitex agnus-castus
Vitex rotundifolia,Vitex trifolia
Vitis ficifolia,Vitis heyneana
Voyria alba,Voyria corymbosa
Vriesea albo-rubrobracteata,Vriesea dubia
Watsonia bulbillifera,Watsonia meriana
Wedelia longipetiolata,Wedelia kerrii
Weinmannia tuerckheimii,Weinmannia balbisiana
Xanthium californicum,Xanthium orientale
Xanthium italicum,Xanthium orientale
Xerophyta andringitrensis,Xerophyta dasylirioides
Xerophyta brevifolia,Xerophyta dasylirioides
Xerophyta pectinata,Xerophyta dasylirioides
Xerophyta tulearensis,Xerophyta dasylirioides
Xiphopteris vilosissima,Melpomene pilosissima
Xylosma monospora,Xymalos monospora
Yulania mirifolia,Magnolia mirifolia
Yulania soulangeana,Magnolia soulangeana
Yulania viridula,Magnolia multiflora
Zanthoxylum dimorphophyllum,Fagara dimorphophylla
Zanthoxylum kellermanii,Zanthoxylum riedelianum
Zygophyllum stapffii,Tetraena stapfii
